title,description,category,sub_category,type
Original Watercolor Painting - Modernist Abstract Human Form,"Features an ornate gold frame with black trim, beige single matting, and modernist/abstract style image of a human subject facing away from the perspective. Artist Signed.  
 
	
		 
 Condition  = Exc. Cond. 
	
		 
 Art Medium  = Watercolor 
	
		 
 Color  = Multi-Color 
	
		 
 Matting  = Single Mat 
	
		 
 Signed  = Signed 
	
		 
 Height:  36 in. 
		 
 Width:  28 in. 
		 
 Length:  0 in. 
 
  Item Number:  
17458-2  
  Item ID:  
101885  
  Category:  
Framed Art  ",,,
New Classical Power Dual Reclining Sofa,"Features black leather/vinyl match upholstery with decorative stitching, tufted backs and seats, angled pillow top arms, decorative under lighting, &amp; recline buttons and UBS port at each end.  
 
	
		 
 Manufacturer  = New Classic 
	
		 
 Condition  = Normal Wear 
	
		 
 Color  = Black 
	
		 
 Upholstery  = Leather/Vinyl Match 
	
		 
 Heavy Item  = 150 lbs. or more 
	
		 
 Height:  40 in. 
		 
 Width:  89 in. 
		 
 Length:  36 in. 
 
  Item Number:  
18850-1  
  Item ID:  
101863  
  Category:  
Sofa  ",,,
Neighbors of Woodcraft Black Console Table,"Features Mediterranean styling, a black finish, rectangular table top with beveled edges, paneled wood skirted trim, turned round post legs with square feet, and stretcher supports.  
 
	
		 
 Manufacturer  = Neighbors of Woodcraft 
	
		 
 Condition  = Good Cond. 
	
		 
 Style  = Mediterranean 
	
		 
 Color  = Black 
	
		 
 Height:  30 in. 
		 
 Width:  73 in. 
		 
 Length:  21 in. 
 
  Item Number:  
18846-2  
  Item ID:  
101857  
  Category:  
Accent Table  ",,,
Modern Power Lift Recliner,"Features black vinyl upholstery, modern styling, angled pillow top arms, padded head rest, 2 USB ports at the right hand side, and remote control power lift and recline functions.  
 
	
		 
 Condition  = Good Cond. 
	
		 
 Style  = Modern Style 
	
		 
 Color  = Black 
	
		 
 Upholstery  = Vinyl 
	
		 
 Seat Width  = Seat Width: 20"" 
	
		 
 Detail 5  = Mfr. Unknown 
	
		 
 Height:  42 in. 
		 
 Width:  37 in. 
		 
 Length:  39 in. 
 
  Item Number:  
18850-2  
  Item ID:  
101864  
  Category:  
Power Lift Chair  ",,,
Mid-Century Leather Lounge Chair,"Features mid-century modern styling, a bentwood frame, and cognac brown tufted leather back and seat cushion.  
 
	
		 
 Condition  = Good Cond. 
	
		 
 Style  = Mid-Century 
	
		 
 Color  = Cognac 
	
		 
 Upholstery  = Leather 
	
		 
 Seat Width  = Seat Width: 25'' 
	
		 
 Detail 5  = Mfr. Unknown 
	
		 
 Height:  38 in. 
		 
 Width:  25 in. 
		 
 Length:  34 in. 
 
  Item Number:  
18846-3  
  Item ID:  
101858  
  Category:  
Accent Chair  ",,,
Meridian 6 Drawer Chest on Chest,"Features a dark mahogany finish, Spanish Colonial styling, 6 drawers with burlwood veneer drawer fronts, fluted side pillar accents, carved &amp; beveled molding, and bun style feet.  
 
	
		 
 Manufacturer  = Meridian 
	
		 
 Condition  = Exc. Cond. 
	
		 
 Style  = Mediterranean 
	
		 
 Color  = Dark Finish 
	
		 
 Hardware Color  = Bronze 
	
		 
 Drawer Qty.  = 6 Drawers 
	
		 
 Height:  60 in. 
		 
 Width:  40 in. 
		 
 Length:  20 in. 
 
  Item Number:  
3607-5730  
  Item ID:  
101861  
  Category:  
Chest on Chest  ",,,
Klaussner Counter Height Dining Table w/4 Chairs,"Features a factory rustic warm mahogany finish, rectangular table top with simple wood skirted trim, tapered square post legs, and 4 matching chairs with brown leather seats. Includes an 18'' Butterfly style table leaf.       ""Length"" dimension shown below does not include leaves.    
 
	
		 
 Manufacturer  = Klaussner 
	
		 
 Condition  = Good Cond. 
	
		 
 Style  = Rustic Style 
	
		 
 Leaf Qty.  = 1 Leaf 
	
		 
 Leaf Width  = 18"" Leaf 
	
		 
 Upholstery  = Leather 
	
		 
 Height:  36 in. 
		 
 Width:  36 in. 
		 
 Length:  54 in. 
 
  Item Number:  
18844-1  
  Item ID:  
101869  
  Category:  
Dining Table w/Chairs  ",,,
Ethan Allen Brass Candlestick Buffet Table Lamp,"Features a round dark wood finish footed base, turned polished brass body, dark birch finish candlestick post, and a flared pleated shade. 1 bulb, 150W Max.  
 
	
		 
 Manufacturer  = Ethan Allen 
	
		 
 Condition  = Good Cond. 
	
		 
 Style  = Traditional Style 
	
		 
 Color  = Brass 
	
		 
 Height:  38 in. 
		 
 Width:  12 in. 
		 
 Length:  12 in. 
 
  Item Number:  
3607-5731  
  Item ID:  
101862  
  Category:  
Table Lamp  ",,,
Cherry Writing Desk,"Features a cherry finish over oak and cherry wood grains, rectangular top, brown microfiber lined drawer with pewter drawer pulls, straight square post legs with 'A' frame side supports, and stretcher base.  
 
	
		 
 Condition  = Good Cond. 
	
		 
 Color  = Cherry 
	
		 
 Drawer Qty.  = 1 Drawer 
	
		 
 Drawer Slides  = Metal Drawer Slides 
	
		 
 Hardware Color  = Pewter 
	
		 
 Height:  30 in. 
		 
 Width:  46 in. 
		 
 Length:  20 in. 
 
  Item Number:  
18850-4  
  Item ID:  
101866  
  Category:  
Desk  ",,,
Ashley Furniture Dining Table w/4 Chairs + Bench,"Features a dark finish, tapered square post legs, 4 chairs with curved slatted backs and black vinyl seats, and a bench with square tufted upholstery. Bench H: 19'' X W: 50'' X D: 17''.      ""Length"" dimension shown below does not include leaves.    
 
	
		 
 Manufacturer  = Ashley 
	
		 
 Condition  = Good Cond. 
	
		 
 Side Chair Qty.  = 4 Side Chairs 
	
		 
 Leaf Qty.  = 1 Leaf 
	
		 
 Leaf Width  = 18"" Leaf 
	
		 
 Upholstery  = Vinyl 
	
		 
 Height:  31 in. 
		 
 Width:  60 in. 
		 
 Length:  42 in. 
 
  Item Number:  
18850-3  
  Item ID:  
101865  
  Category:  
Dining Table w/Chairs  ",,,
4 Piece Set of Wicker Outdoor Furniture,"Features a white finish, and includes 2 chairs, a side table, a matching ottoman, &amp; southwestern pattern cushions on chairs and ottoman.    Dimensions:  Chairs H: 37'' X W: 33'' X L/D: 31''.   Side Table: H: 22'' X W: 19'' X L/D: 19''  Ottoman: H:15'' X W: 14'' X L/D: 14''.    
 
	
		 
 Condition  = Exc. Cond. 
	
		 
 Color  = White 
	
		 
 Upholstery  = Fabric 
	
		 
 Seat Width  = 18'' Seat Width 
	
		 
 Detail 5  = Mfr. Unknown 
	
		 
 Height:  37 in. 
		 
 Width:  33 in. 
		 
 Length:  31 in. 
 
  Item Number:  
18846-1  
  Item ID:  
101856  
  Category:  
Accent Chair  ",,,
Crate & Barrel Remolino Rectangle Mirror,"Description: The Remolino mirror from Crate and Barrel is rectangular with angled corners and a thin metal frame.  . Brand: Crate & Barrel. Model: Remolino .     Gently used - any blemishes or damage will be included in the photos. #SKU: 3002051. Tags: mirror,wall deco,glass",,,
Black Contemporary Club Chair ,"Description: This club chair has clean lines and a minimalistic modern form upholstered in black pleather and tapered wood legs in a natural finish..   Material: wood,leather.  Seat heigt: 17.5.  Gently used - any blemishes or damage will be included in the photos. #SKU: 3001699. Tags: wood,pleather,modern,contemporary",,,
New Pacific Direct Dane Side Table,Description: Enamel top on steel base in antique brass Finish.       Gently used - any blemishes or damage will be included in the photos. #SKU: 1061368. Tags: metal,,,
Marble Top Accent Table,"Description: Antiqued brass finish metal base.   Material: marble,metal.    Gently used - any blemishes or damage will be included in the photos. #SKU: 1061363. Tags: metal,marble",,,
Intertek Howin Table Lamp with Grey Shade,      Gently used - any blemishes or damage will be included in the photos. #SKU: 1061271. Tags: lighting,,,
Intertek Howin Table Lamp with White Shade,      Gently used - any blemishes or damage will be included in the photos. #SKU: 1061270. Tags: lighting,,,
Intertek H-Welldone Marble Base Table Lamp,      Gently used - any blemishes or damage will be included in the photos. #SKU: 1061269. Tags: lighting,,,
"Intertek ""Threshold"" Industrial Style Desk Lamp",      Gently used - any blemishes or damage will be included in the photos. #SKU: 1061268. Tags: lighting,,,
Surya Glazed Ceramic Table Lamp,Brand: Surya.      Gently used - any blemishes or damage will be included in the photos. #SKU: 1061267. Tags: lighting,,,
Four Drawer Console Table,Description: Planked top with drawers and shelving.       Gently used - any blemishes or damage will be included in the photos. #SKU: 1061155. Tags: wood,,,
Fluted Ceramic Torchiere Floor Lamp,      Gently used - any blemishes or damage will be included in the photos. #SKU: 1061138. Tags: lighting,,,
Jonathan Louis Sectional With Chaise,"Description: Compact Track Arm Fabric Sectional With Reversible Chaise And Dark Finish Wood Feet. Brand: Jonathan Louis.    Seat heigt: 17.  Gently used - any blemishes or damage will be included in the photos. #SKU: 1057491. Tags: liquidation,modern,fabric",,,
LIKE NEW Uppland Sofa - Light Gray,"3 Seater Sofa with 6 years of warranty. Retail price $849

Color is light gray and cover is fabric. Barely used!
Measures: 36.25X88.25X36.25
Never exposed to dogs, carts or smoke.
Pick up directly on the first floor.

Enjoy the super comfy UPPLAND sofa with embracing feel and deep seat cushions made of pocket springs, high resilience foam and polyester fibers, adding both firm support and relaxing softness.

Reversible back cushions provide soft support for your back and two different sides to wear. Thanks to the combination of polyester fibers and cut foam the cushions will retain their shape and comfort year after year.",,,
Waiting Room Chair Set, Set of two chairs ,,,
Man With Hat Art,"Find more information about this listing on Kashew. Pickup is possible in person and free, or we can have it shipped to you nationwide with a full money back guarantee.",,,
La-Z-Boy Blue Rocking Recliner,"Features blue chenille upholstery, square tufted back and chaise, padded rolled arms, rocking base, and manual wooden pull lever recline mechanism on the right hand side.  
 
	
		 
 Manufacturer  = La-Z-Boy 
	
		 
 Condition  = Exc. Cond. 
	
		 
 Color  = Blue 
	
		 
 Upholstery  = Chenille 
	
		 
 Seat Width  = Seat Width: 19"" 
	
		 
 Height:  40 in. 
		 
 Width:  32 in. 
		 
 Length:  27 in. 
 
  Item Number:  
18444-1  
  Item ID:  
101895  
  Category:  
Recliner  ",,,
Set of 3 Leather Seat Iron Back Counter Stools LG223-25," Upgrade your kitchen or home bar with our Set of 3 Leather Seat Metal Back Counter Stools. With a sturdy metal back and comfortable leather seat, these stools are perfect for entertaining or everyday use. Elevate your space with style and function. 
 Condition: Very good.   
 Dimensions: 21 x 19 x 36""H  Seat = 24"" 
 Local pick up Potomac, MD.  Contact us for shipper suggestions. ",,,
Wood And Metal End Table With Tray Base,"Wood And Metal End Table With Tray Base  
 
 
 Height  = 25""H 
 
 Depth  = 15""D 
 
 Width  = 18""w 
  
 
  Item Number:  
437-263  
  Item ID:  
60422  
  Category:  
End Tables  ",,,
Thomasville Wooden Tea Cart With Drop Leaf Sides,"Thomasville Wooden Tea Cart With Drop Leaf Sides  
 
 
 Brand  = Thomasville 
 
 Height  = 31""h 
 
 Depth  = 18""D 
 
 Width  = 38""W 
  
 
  Item Number:  
10375-4  
  Item ID:  
60413  
  Category:  
Beverage Carts  ",,,
Tall Clear Glass Vase In Metal Stand,"Tall Clear Glass Vase In Metal Stand  
 
 
 Width  = 13""R 
 
 Height  = 40""H 
  
 
  Item Number:  
437-260  
  Item ID:  
60419  
  Category:  
Vase  ",,,
Round Glass Gold Metal Coffee Table,"Round Glass Gold Metal Coffee Table  
 
 
 Height  = 18""H 
 
 Width  = 35""R 
  
 
  Item Number:  
10375-5  
  Item ID:  
60414  
  Category:  
Coffee Tables  ",,,
Pottery Barn White Cameron Wall System Short Cabinet with Doors,"Pottery Barn White Cameron Wall System Short Cabinet with Doors  
 
 
 Brand  = Pottery Barn 
 
 Height  = 25""H 
 
 Depth  = 14""d 
 
 Width  = 29""w 
  
 
  Item Number:  
1392-122  
  Item ID:  
60411  
  Category:  
Cabinets  ",,,
Pottery Barn White Cameron Cubby Wall System Cabinet With 2 Doors,"Pottery Barn White Cameron Cubby Wall System Cabinet With 2 Doors  
 
 
 Brand  = Pottery Barn 
 
 Height  = 25""H 
 
 Depth  = 14""d 
 
 Width  = 29""w 
  
 
  Item Number:  
1392-123  
  Item ID:  
60412  
  Category:  
Cabinets  ",,,
Milk Paint Persian Blue Quart,"Milk Paint Persian Blue Quart  
 
  
 
  Item Number:  
700-181  
  Item ID:  
45096  
  Category:  
General Finishes Other  ",,,
Milk Paint Gulf Stream Quart,"Milk Paint Gulf Stream Quart  
 
  
 
  Item Number:  
700-180  
  Item ID:  
45095  
  Category:  
General Finishes Other  ",,,
Antique Wagon Wheel Wooden Round Coffee Table,"Antique Wagon Wheel Wooden Round Coffee Table  
 
 
 Height  = 20""h 
 
 Width  = 44""R 
  
 
  Item Number:  
437-258  
  Item ID:  
60417  
  Category:  
Coffee Tables  ",,,
 King Romance Comforter Set Pink,"*NEW* King Romance Comforter Set Pink  
 
 
 Brand  = Madison Park  
 
 Color  = Pink 
  
 
  Item Number:  
5788-292  
  Item ID:  
47316  
  Category:  
Bedding  ",,,
Young America by Stanley Furniture Teen White Desk LG223-21," This Young America by Stanley Furniture Teen White Desk is a perfect addition to any modern bedroom. Featuring a sleek and minimalist design, it offers a spacious work surface for studying and completing homework. Made with high-quality materials, this desk is built to last, providing a functional and stylish workspace for your teen. 
 Condition: Very good.  Please note yellow tint on one area of surface  
 Dimensions: 44 x 18 x 30""H 
 Local pick up Potomac, MD.  Contact us for shipper suggestions. ",,,
Wicker Coffee Table w Lower Shelf LG223-23," This Wicker Coffee Table with Lower Shelf adds a touch of elegance to any living room. Made from high-quality wicker material, it provides both durability and style. The lower shelf offers additional storage space, making this a practical yet stylish choice for your home. 
 Condition: Very Good 
 Dimensions: 49 x 23 x 17""H 
 Local pick up Potomac, MD.  Contact us for shipper suggestions. ",,,
Wesley Hall 2 Seater Grey Sofa Couch LG223-22," Experience comfortable luxury with the Wesley Hall 2 Seater Grey Sofa Couch. Crafted with expert precision, this couch offers a sleek and stylish addition to any living space. Featuring a spacious two-seater design, enjoy cozy nights in or entertain guests in style. Upgrade your home decor with the ultimate combination of comfort and elegance. 
 Condition: Fair. 
 Dimensions: 84 x 40 x 29""H 
 Local pick up Potomac, MD.  Contact us for shipper suggestions. ",,,
Vintage Carved Wood Dining Table Desk LG223-19," Expertly crafted from solid wood, our Vintage Carved Wood Dining Table Desk is a stunning addition to any home. Its intricate carving and timeless design make it a beautiful and functional piece for dining or work. Elevate your space with this unique and durable table desk. 
 Condition: Very Good  
 Dimensions: 72 x 39 x 30""H 
 Local pick up Potomac, MD.  Contact us for shipper suggestions. ",,,
Rose Tarlow Melrose House Henley Armchair Wicker Seat LG223-7," Expertly crafted with a wicker seat, the Rose Tarlow Melrose House Henley Armchair offers both style and comfort. With its timeless design and durable materials, this armchair is perfect for any home. Elevate your space with this handpicked piece from Rose Tarlow Melrose House. 
 Condition: Excellent 
 Dimensions: 24 x 24 x 41""H 
 Local pick up Potomac, MD.  Contact us for shipper suggestions. ",,,
Rare Mid Century Karl Springer Large Lacquered Goat Skin Dining Table LG223-2,"  A large stunning dining table by Karl Springer, circa 1970s. Beveled top with rounded corners is supported by two semi circular pedestal base. Completely clad with lacquered goat skin. Simple form that showcases the luxury material and superb craftsmanship.   
 Condition: Beautiful.  See minor surface scratches in photos 
 Dimensions: 108 x 54 x 30""H 
 Local pick up Potomac, MD.  Contact us for shipper suggestions. ",,,
Pair Custom Ferguson Copeland Striped Soho Club Chairs LG223-4,"  Luscious transitional Ferguson Copeland Club Chair with custom striped fabric and dark wood arms and legs.  
 Condition: Excellent 
 Dimensions: 29 x 35 x 34""H  Seat = 20"" 
 Local pick up Potomac, MD.  Contact us for shipper suggestions. ",,,
Mission Tiled Large Coffee Table LG223-12," Expertly crafted, the Mission Tiled Large Coffee Table offers a blend of style and function. With its durable design and spacious tiled surface, it provides a perfect place to gather with friends and family. Enjoy the timeless elegance and practicality of this must-have addition to any living space. 
 Condition: Excellent 
 Dimensions: 39 x 38 x 27""H  Ottoman 24 x 18""H 
 Local pick up Potomac, MD.  Contact us for shipper suggestions. ",,,
Lexington Furniture White Rubbed Teen Desk & Chair LG223-17," This Lexington Furniture White Rubbed Teen Desk &amp; Chair provides a stylish and functional workspace for teenagers. The white rubbed finish adds a touch of elegance while the desk and chair offer a comfortable and ergonomic design. Perfect for studying, homework, and creative projects. 
 Condition: Very Good 
 Dimensions: 44 x 19 x 30""H 
 Local pick up Potomac, MD.  Contact us for shipper suggestions. ",,,
Kreiss Chenille Sectional Down Filled Sofa Couch LG223-6," This Kreiss Chenille Sectional Sofa Couch provides optimal comfort with its down filled cushions. The luxurious chenille fabric adds a touch of elegance to any living space. Experience the ultimate relaxation with this expertly crafted and stylish piece. 
 Exquisite Large Kreiss Luxury Down filled Sectional.  
 Condition: Excellent 
 Dimensions: 88 x 41 x 136""L x 36""H  
 Local pick up Potomac, MD.  Contact us for shipper suggestions. ",,,
Karl Springer Black Lacquer Trestle Console Table LG223-1,"  ""Trestle Style Console"" in thick molded solid black lacquer by Karl Springer, American 1980's. This table is superbly crafted and is extremely impressive in person.  
 Condition: Excellent 
 Dimensions: 96 x 24 x 32""H 
 Local pick up Potomac, MD.  Contact us for shipper suggestions. ",,,
Judith Norman 3 Seater Collection Sofa with Skirt LG223-24," The Judith Norman 3 Seater Collection Sofa with Skirt is a stylish and versatile addition to any living room. Its skirting adds a touch of elegance, while the three-seater design provides ample seating for guests. Made with high-quality materials, this sofa is a durable and long-lasting option for your home. 
 Condition: Excellent 
 Dimensions: 105 x 41 x 30""H 
 Local pick up Potomac, MD.  Contact us for shipper suggestions. ",,,
Haverty's Raymour & Flanigan Style Saratoga Wood Nightstand LG223-15," The Raymour &amp; Flanigan Style Saratoga Wood Nightstand adds a touch of elegance and functionality to any bedroom. Made from high-quality wood, it offers durability and style. Its spacious drawers provide ample storage for all your bedside essentials. Upgrade your bedroom with this beautiful nightstand today. 
 Condition: Excellent 
 Dimensions: 29 x 17 x 29""H 
 Local pick up Potomac, MD.  Contact us for shipper suggestions. ",,,
Haverty's Raymour & Flanigan Style Furniture Wood Queen Bed LG223-16," Expertly crafted by Haverty's Raymour &amp; Flanigan, the LG223-16 Queen Bed combines timeless style with durable wood construction. Designed for lasting comfort and support, this bed is the perfect addition to any bedroom. Available exclusively at Raymour &amp; Flanigan. 
 Condition: Excellent 
 Dimensions: 84 x 80 x 56""H 
 Local pick up Potomac, MD.  Contact us for shipper suggestions. ",,,
Disney Collection White Desk w Hutch LG223-20," Enhance your child's creativity and productivity with the Disney Collection White Desk w Hutch. Designed with the iconic Disney characters, this desk features a spacious work surface and a hutch for additional storage space. Let your child's imagination run wild with this fun and functional desk. 
 Condition: Good.  Please see photos for areas of paint loss 
 Dimensions: 48 x 24 x 29""H   Hutch = 44 x 13 x 38""H 
 Local pick up Potomac, MD.  Contact us for shipper suggestions. ",,,
Designer Double Pedestal Stone Base Wood Top Console Table LG223-5," Expertly crafted with a designer double pedestal stone base, this console table brings a touch of sophistication to any room. The wood top adds warmth and natural beauty, while the sturdy construction ensures durability for years to come. Elevate your space with this elegant piece. 
 Condition: Excellent 
 Dimensions: 84 x 22 x 31""H 
 Local pick up Potomac, MD.  Contact us for shipper suggestions. ",,,
Demilune Carved Wood Accent Table LG223-10," Crafted from durable carved wood, this Demilune Accent Table adds a touch of elegance to any space. Its unique half-moon shape allows for versatile placement and the carved details add a touch of sophistication. Perfect for displaying decor or as a functional side table, this piece is a must-have for any home. 
 Condition: Excellent 
 Dimensions: 42 x 22 x 33""H 
 Local pick up Potomac, MD.  Contact us for shipper suggestions. ",,,
Custom Striped Cuddle Chair w Round Ottoman LG223-11," This Custom Striped Cuddle Chair with Round Ottoman offers both comfort and style. The unique design, featuring a round ottoman, adds a touch of sophistication to any room. Expertly crafted with custom stripes and high-quality materials, this chair is perfect for cozying up with a book or chatting with friends. 
 Condition: Excellent 
 Dimensions: 39 x 38 x 27""H  Ottoman 24 x 18""H 
 Local pick up Potomac, MD.  Contact us for shipper suggestions. ",,,
10 Traditional Imports Upholstered Carved Wood Dining Chairs LG223-3," 8 Side Chairs and 2 Arm Chairs.  Beautiful.  Custom.  Experience timeless elegance with our set of 10 Traditional Imports Upholstered Carved Wood Dining Chairs. Crafted with expertly carved wood and luxurious upholstery, these chairs bring both style and comfort to your dining room. Elevate your dining experience with this classic and refined addition to your home. 
 Condition: Excellent 
 Dimensions: 24 x 25 x 42""H  Seat=20""    Side chair = 21 x 25 x 42""H 
 Local pick up Potomac, MD.  Contact us for shipper suggestions. ",,,
Vintage Mid Century Italian Chiavari Solid Brass Side Chair Leather Seat 1960's,"Please Contact us for an EXACT Shipping Quote.
The amount posted may not be accurate due to your
exact location. We are in Valencia, CA 91355    
PLEASE VISIT OUR STORE for over 1,400 vintage items:
Vintage L A Furniture
************************
Gorgeous Chair in Good Vintage Condition. Solid and Firm. 
The Seat cover has been replaced with leather.  
And the Frame has been polished... but enough patina was left 
to keep its vintage charm.  
Otherwise, Wear is usual for its age. Please see the photos. 
Overall a Gorgeous Chair that you will love having in your home!!
Measurements:   37'H x 16"" x16"" x SH 19""

Please keep in mind that this is a Vintage Piece and has its normal signs of wear.
This is what gives it it's character and confirms its age.
And is being sold in ""as-is condition"".
Note:  Please use photos as part of the description.
",,,
Vintage French Country Brown Oak Side Chair with Cane,"Please Contact us for an EXACT Shipping Quote.
The amount posted may not be accurate due to your
exact location. We are in Valencia, CA 91355    
PLEASE VISIT OUR STORE for over 1,400 vintage items:
Vintage L A Furniture
************************
Gorgeous Chair in Good Vintage Condition. Solid and Firm. 
There is wear that is usual for its age. Please see the photos.  
Overall a Gorgeous Chair that you will love having in your home!!
Measurements:   32""High x 18"" x 18"" SH 17.5""

Please keep in mind that this is a Vintage Piece and has its normal signs of wear.
This is what gives it it's character and confirms its age.
And is being sold in ""as-is condition"".
Note:  Please use photos as part of the description.
",,,
Vintage Mid Century Danish Modern Black Teak Side Chair w Rattan Backrest 1960's,"Please Contact us for an EXACT Shipping Quote.
The amount posted may not be accurate due to your
exact location. We are in Valencia, CA 91355    
PLEASE VISIT OUR STORE for over 1,400 vintage items:
Vintage L A Furniture
************************
Gorgeous Chair in Good Vintage Condition. Solid and Firm. 
There is a tiny rattan broken on the backrest.  It is so small it is unnoticeable.
Otherwise, wear is usual for its age. Please see the photos. 
Overall a Gorgeous Chair that you will love having in your home!!
Measurements:   38""H x 19 x 22 SH 18""

Please keep in mind that this is a Vintage Piece and has its normal signs of wear.
This is what gives it it's character and confirms its age.
And is being sold in ""as-is condition"".
Note:  Please use photos as part of the description.
",,,
Vintage Mid Century Danish Modern Black Side Chair Grand Rapids Michigan 1960's,"Please Contact us for an EXACT Shipping Quote.
The amount posted may not be accurate due to your
exact location. We are in Valencia, CA 91355    
PLEASE VISIT OUR STORE for over 1,400 vintage items:
Vintage L A Furniture
************************
Gorgeous Chair in Good Vintage Condition. Solid and Firm. 
There is wear that is usual for its age. Please see the photos. 
Overall a Gorgeous Chair that you will love having in your home!!
Measurements:   33 1/2""H x 19"" x 19"" SH 18""

Please keep in mind that this is a Vintage Piece and has its normal signs of wear.
This is what gives it it's character and confirms its age.
And is being sold in ""as-is condition"".
Note:  Please use photos as part of the description.
",,,
Vintage Mid Century Modern Maple Side Chair w Rattan and Leather Seat,"Please Contact us for an EXACT Shipping Quote.
The amount posted may not be accurate due to your
exact location. We are in Valencia, CA 91355    
PLEASE VISIT OUR STORE for over 1,400 vintage items:
Vintage L A Furniture
************************
Gorgeous Chair in Good Vintage Condition. Solid and Firm. 
There is a 1/4"" tiny break in the cane.  Almost unnoticeable. 
Otherwise, Wear is usual for its age. Please see the photos.
Overall a Gorgeous Chair that you will love having in your home!!
Measurements:   33""H x 20 x 21 SH 17""

Please keep in mind that this is a Vintage Piece and has its normal signs of wear.
This is what gives it it's character and confirms its age.
And is being sold in ""as-is condition"".
Note:  Please use photos as part of the description.
",,,
Vintage Mid Century Danish Modern Black Side Chair 1960's,"Please Contact us for an EXACT Shipping Quote.
The amount posted may not be accurate due to your
exact location. We are in Valencia, CA 91355    
PLEASE VISIT OUR STORE for over 1,400 vintage items:
Vintage L A Furniture
************************
Gorgeous Chair in Good Vintage Condition. Solid and Firm. 
But the seat has a small tear in it. Otherwise, wear is usual for its age.
Please see the photos. 
Overall a Gorgeous Chair that you will love having in your home!!
Measurements:  32""H  x 20 "" x 18"" SH 18.5""

Please keep in mind that this is a Vintage Piece and has its normal signs of wear.
This is what gives it it's character and confirms its age.
And is being sold in ""as-is condition"".
Note:  Please use photos as part of the description.
",,,
Vintage Mid Century Danish Modern Black Side Chair Made in Denmark 1960's,"Please Contact us for an EXACT Shipping Quote.
The amount posted may not be accurate due to your
exact location. We are in Valencia, CA 91355    
PLEASE VISIT OUR STORE for over 1,400 vintage items:
Vintage L A Furniture
************************
Unique Chair in Fair Vintage Condition. Solid and Firm.  
But the Fabric could be replaced due to some tears. Otherwise, wear is usual for its age. 
 Please see the photos.
Overall a Gorgeous Chair that you will love having in your home!!
Measurements:   29 1/2""H x 18.5"" x 18.5"" SH 17.5"" 

Please keep in mind that this is a Vintage Piece and has its normal signs of wear.
This is what gives it it's character and confirms its age.
And is being sold in ""as-is condition"".
Note:  Please use photos as part of the description.
",,,
Vintage Mid Century Danish Modern Green Teakwood Side Chair 1960's,"Please Contact us for an EXACT Shipping Quote.
The amount posted may not be accurate due to your
exact location. We are in Valencia, CA 91355    
PLEASE VISIT OUR STORE for over 1,400 vintage items:
Vintage L A Furniture
************************
 Gorgeous Chair in Good Vintage Condition. Solid and Firm. 
Wear is usual for its age. Please see the photos. 
Overall a Gorgeous Chair that you will love having in your home!!
Measurements:   30 1/2""H x 20"" x 21"" SH 17""

Please keep in mind that this is a Vintage Piece and has its normal signs of wear.
This is what gives it it's character and confirms its age.
And is being sold in ""as-is condition"".
Note:  Please use photos as part of the description.
",,,
Vintage Mid-Century Modern Homecrest White Wire Swivel Rocker Lounge Chair,"Please Contact us for an EXACT Shipping Quote.
The amount posted may not be accurate due to your
exact location. We are in Valencia, CA 91355    
PLEASE VISIT OUR STORE for over 1,400 vintage items:
Vintage L A Furniture
************************
Unique Chair in Good Rustic Vintage Condition. It is solid and Firm. But the chair has been outdoors and has acquired some rust.  This adds to its vintage charm and most will consider keeping the paint in its present condition. Otherwise, wear is usual for its age.  Please see the photos. 
Overall a Unique Chair that you will love having in your home!!
Measurements:   32""H X 29"" X 26"" SH15"" BUT add 3"" for the cushion

Please keep in mind that this is a Vintage Piece and has its normal signs of wear.
This is what gives it it's character and confirms its age.
And is being sold in ""as-is condition"".
Note:  Please use photos as part of the description.
",,,
Pair of Mid Century Danish Modern Teak Black Side Chairs by Borneo Int'l 1970's,"Please Contact us for an EXACT Shipping Quote.
The amount posted may not be accurate due to your
exact location. We are in Valencia, CA 91355    
PLEASE VISIT OUR STORE for over 1,400 vintage items:
Vintage L A Furniture
************************
Gorgeous Chairs in Great Vintage Condition. Solid and Firm. 
Wear is usual for their age. Please see the photos.
Overall a Gorgeous Set of Chairs that you will love having in your home!!
Measurements:   33""H x 17"" x 21"" SH 17""

Please keep in mind that this is a Vintage Piece and has its normal signs of wear.
This is what gives it it's character and confirms its age.
And is being sold in ""as-is condition"".
Note:  Please use photos as part of the description.
",,,
Vintage in the Style of Curtis Jere 'Birds In Flight Sculpture Statue Figuerine,"Please Contact us for an EXACT Shipping Quote.
The amount posted may not be accurate due to your
exact location. We are in Valencia, CA 91355    
PLEASE VISIT OUR STORE for over 1,400 vintage items:
Vintage L A Furniture
************************
Unique Vintage Statue Condition. Solid and Firm. 
Wear is usual for its age. Please see the photos. 
Overall a Gorgeous Statue that you will love having in your home!!
Measurements:   10""H x 5"" x 8""

Please keep in mind that this is a Vintage Piece and has its normal signs of wear.
This is what gives it it's character and confirms its age.
And is being sold in ""as-is condition"".
Note:  Please use photos as part of the description.
",,,
Vintage French Country Farmhouse Brown Oak Two Seater Bench Settee,"Please Contact us for an EXACT Shipping Quote
The amount posted may 
. . .  . . . . Valencia, CA
Visit our Etsy Store, over 1200 items:
Vintage L A Furniture
*************
Gorgeous Bench in Great Vintage Condition. Solid and Firm. 
Wear is usual for its age. Please see photos. 
Overall a Gorgeous Bench that you will love having in your home!!
Measurements:  29""H x 20 1/2"" x 46"" Seat Height 16"" 

Please keep in mind that this is a Vintage Piece and has its normal signs of wear.
This is what gives it it's character and confirms its age.
And is being sold in ""as-is condition"".
Note:  Please use photos as part of the description.
",,,
Vintage Italian Hollywood Regency Gold Gilt Iron Rope Tassel Vanity Chair Stool,"Please Contact us for an EXACT Shipping Quote
The amount posted may 
. . .  . . . . Valencia, CA
Visit our Etsy Store, over 1200 items:
Vintage L A Furniture
*************
Gorgeous Vanity Stool Chair in Great Vintage Condition. Solid and Firm. 
Wear is usual for its age. Please see photos.
Overall a Gorgeous Chair that you will love having in your home!!
Measurements:  24""H x 17"" x 18"" Seat Height 18"" 

Please keep in mind that this is a Vintage Piece and has its normal signs of wear.
This is what gives it it's character and confirms its age.
And is being sold in ""as-is condition"".
Note:  Please use photos as part of the description.
",,,
Set Four French Country Hammered Counter Stools Bar stools Industrial Red Sign,"Please Contact us for an EXACT Shipping Quote
The amount posted may 
. . .  . . . . Valencia, CA
Visit our Etsy Store, over 1200 items:
Vintage L A Furniture
*************
Gorgeous Stools in Good Rustic Vintage Condition. Solid and Firm. 
There is some slight rust on them. Otherwise, Wear is usual for their age. 
Please see photos.  
Overall a Very Unique Set of Stools that you will love having in your home!!
Measurements: 35""H x 15 1/2"" x 19"" Seat Height 20""  

Please keep in mind that this is a Vintage Piece and has its normal signs of wear.
This is what gives it it's character and confirms its age.
And is being sold in ""as-is condition"".
Note:  Please use photos as part of the description.
",,,
Vintage Mappin Brothers of London Table Top Decor Palm Trees w a Antelope Statue,"Please Contact us for an EXACT Shipping Quote: The amount posted may
 Valencia, CA 91355    


Vintage Mappin Brothers of London Table Top Decor Palm Trees w a Antelope Statue
 Unique Table Top Decor in Great Vintage Condition. Solid and Firm. 
Wear is usual for its age. Please see photos. 
Overall a Very Unique Decor Statue that you will love having in your home!!
Measurements:   25""H x 13"" x 11"".
There is a second Statue w an Emu Bird, Sold Separately. See our Store

Please keep in mind that this is a Vintage Piece and has its normal signs of wear.
This is what gives it it's character and confirms its age.
And is being sold in ""as-is condition"".
Note:  Please use photos as part of the description.
 323-346-9927.",,,
Embossed Leather Picture of Eagle Perched on top of Roaring Waves Made in Italy,"Please Contact us for an EXACT Shipping Quote
The amount posted may 
. . .  . . . . Valencia, CA
Visit our Etsy Store, over 1200 items:
Vintage L A Furniture
*************
 We are Located in (Santa Ana, CA  92705)   Los Angeles Area   
       You may ask questions before your purchase
Vintage L A Furniture  --------------  Vintage L A Furniture
  Please visit our eBay Store for over 1400 items

Embossed Leather Picture of Eagle Perched on top of Roaring Waves Made in Italy
Gorgeous Picture in Great Vintage Condition. Solid and Firm. 
Wear is usual for its age. Please see photos. 
Overall a Gorgeous Picture that you will love having in your home!!
Measurements:  9 1/2"" High x 15 3/4""

Please keep in mind that this is a Vintage Piece and has its normal signs of wear.
This is what gives it it's character and confirms its age.
And is being sold in ""as-is condition"".
Note:  Please use photos as part of the description.
",,,
Vintage French Provincial Gold Rectangle Ornate Wall Mantle Mirror wOrnate Motif,"Please Contact us for an EXACT Shipping Quote.
The amount posted may not be accurate due to your
exact location. We are in Valencia, CA 91355    
PLEASE VISIT OUR STORE for over 1,400 vintage items:
Vintage L A Furniture
************************
Gorgeous Mirror in Good Vintage Condition. Solid and Firm. 
Wear is usual for its age. Please see the photos.
Overall a Gorgeous Mirror that you will love having in your home!!
Measurements:   33 1/4""High x 36"" x 1 1/2""

Please keep in mind that this is a Vintage Piece and has its normal signs of wear.
This is what gives it it's character and confirms its age.
And is being sold in ""as-is condition"".
Note:  Please use photos as part of the description.
",,,
French Louis XVI Burl Marquetry Side Table Sun Burst Design w Brass Claw Feet,"Please Contact us for an EXACT Shipping Quote.
The amount posted may not be accurate due to your
exact location. We are in Valencia, CA 91355    
PLEASE VISIT OUR STORE for over 1,400 vintage items:
Vintage L A Furniture
************************
Gorgeous Side Table in Good Vintage Condition. Solid and Firm. 
There is wear that is usual for its age. Please see the photos.  
Overall a Gorgeous Side Table that you will love having in your home!!
Measurements:   28""High x 24.5"" x 24.5""

Please keep in mind that this is a Vintage Piece and has its normal signs of wear.
This is what gives it it's character and confirms its age.
And is being sold in ""as-is condition"".
Note:  Please use photos as part of the description.
",,,
French Country Yellow Floral Ceramic Milk Can / Umbrella Stand,"Please Contact us for an EXACT Shipping Quote.
The amount posted may not be accurate due to your
exact location. We are in Valencia, CA 91355    
PLEASE VISIT OUR STORE for over 1,400 vintage items:
Vintage L A Furniture
************************
 Unique Milk Can/ Umbrella Stand in Great Vintage Condition. 
Solid and Firm. Wear is usual for its age. Please see the photos.
Overall a Gorgeous Milk Can/ Umbrella Stand that you will love having in your home!!
Measurements:   18 1/2""H x 9 1/2"" x 9""

Please keep in mind that this is a Vintage Piece and has its normal signs of wear.
This is what gives it it's character and confirms its age.
And is being sold in ""as-is condition"".
Note:  Please use photos as part of the description.
",,,
6 Ft Tall Theodore Alexander French Louis XVI Style Green & Gold Ornate Wall Mantle Mirror,"Please Contact us for an EXACT Shipping Quote.
The amount posted may not be accurate due to your
exact location. We are in Valencia, CA 91355    
PLEASE VISIT OUR STORE for over 1,400 vintage items:
Vintage L A Furniture
************************
Gorgeous Mirror in Like new Condition. Solid and Firm. 
Wear is usual for its age. Please see the photos. 
Overall a Gorgeous Mirror that you will love having in your home!!
Measurements:   72""Tall x 34"" x 2 1/2""

Please keep in mind that this is a Vintage Piece and has its normal signs of wear.
This is what gives it it's character and confirms its age.
And is being sold in ""as-is condition"".
Note:  Please use photos as part of the description.
",,,
Vintage French Country Tan Needlepoint Floral Tapestry on Oak Turned Legs,"Please Contact us for an EXACT Shipping Quote
The amount posted may 
. . .  . . . . Valencia, CA
Visit our Etsy Store, over 1200 items:
Vintage L A Furniture
*************
 Gorgeous Footstool in Great Vintage Condition. Solid and Firm. 
Wear is usual for its age. Please see photos.
Overall a Gorgeous Footstool that you will love having in your home!!
Measurements: 7""H x 16"" x 9 1/2""   

Please keep in mind that this is a Vintage Piece and has its normal signs of wear.
This is what gives it it's character and confirms its age.
And is being sold in ""as-is condition"".
Note:  Please use photos as part of the description.
",,,
Vintage French Country Blue Needlepoint Long Footstool Bench on Brown Base,"Please Contact us for an EXACT Shipping Quote
The amount posted may 
. . .  . . . . Valencia, CA
Visit our Etsy Store, over 1200 items:
Vintage L A Furniture
*************
Gorgeous Footstool in Good Vintage Condition. Solid and Firm. 
There is wear that is usual for its age. Please see photos.
Overall a Gorgeous Footstool that you will love having in your home!!
Measurements:   15""High x 33"" x 14""

Please keep in mind that this is a Vintage Piece and has its normal signs of wear.
This is what gives it it's character and confirms its age.
And is being sold in ""as-is condition"".
Note:  Please use photos as part of the description.
",,,
Vintage Hollywood Regency White Iron Vanity Bench,"Please Contact us for an EXACT Shipping Quote
The amount posted may 
. . .  . . . . Valencia, CA
Visit our Etsy Store, over 1200 items:
Vintage L A Furniture
*************
Gorgeous Bench in Great Vintage Condition. Solid and Firm. 
Wear is usual for its age. Please see photos. 
Overall a Gorgeous Bench that you will love having in your home!!
Measurements:   19""H x 20 1/4"" x 14""

Please keep in mind that this is a Vintage Piece and has its normal signs of wear.
This is what gives it it's character and confirms its age.
And is being sold in ""as-is condition"".
Note:  Please use photos as part of the description.
",,,
Pair of Vintage Spanish Style Tall Rustic Silver Vases Urns ~ Room Decor,"Please Contact us for an EXACT Shipping Quote
The amount posted may 
. . .  . . . . Valencia, CA
Visit our Etsy Store, over 1200 items:
Vintage L A Furniture
*************
Gorgeous Vases in Good Rustic Vintage Condition. They both have some rust inside the Vases
 and there is a dent on the trim of one vase.  Plus the base of one vase is slightly lopsided. 
They are being sold in As-is condition.  Please see photos. 
Overall a Gorgeous Set of Vases that you will love having in your home!!
Measurements:   41""High x 11""R handles 13""Wide

Please keep in mind that this is a Vintage Piece and has its normal signs of wear.
This is what gives it it's character and confirms its age.
And is being sold in ""as-is condition"".
Note:  Please use photos as part of the description.
",,,
Vintage Golden Brown Coffee Table Cocktail Table w Beveled Glass Top ~ Cravings,"Please Contact us for an EXACT Shipping Quote.
The amount posted IS NOT accurate due to your
exact location. We are in Valencia, CA 91355    
PLEASE VISIT OUR STORE for over 1,400 vintage items:
Vintage L A Furniture
************************
Gorgeous Coffee Table in Great Vintage Condition. Solid and Firm. 
Wear is usual for its age. Please see the photos. 
Overall a Gorgeous Coffee Table that you will love having in your home!!
Measurements:  18"" High x 52"" x 42""

Please note there are matching End Tables, Coffee Table and Console Table.
Each Sold separately.  Please see our Store  

Please keep in mind that this is a Vintage Piece and has its normal signs of wear.
This is what gives it it's character and confirms its age.
And is being sold in ""as-is condition"".
Note:  Please use photos as part of the description.
",,,
1970s Vintage French Provincial Brown Coffee Table Made by Drexel,"Please Contact us for an EXACT Shipping Quote.
The amount posted IS NOT accurate due to your
exact location. We are in Valencia, CA 91355    
PLEASE VISIT OUR STORE for over 1,400 vintage items:
Vintage L A Furniture
************************
Gorgeous Coffee Table in Good Vintage Condition. Solid and Firm. 
Wear is usual for its age. Please see the photos. 
Overall a Gorgeous Coffee Table that you will love having in your home!!
Measurements:  16""High x 51.5"" x 24"" 

Please keep in mind that this is a Vintage Piece and has its normal signs of wear.
This is what gives it it's character and confirms its age.
And is being sold in ""as-is condition"".
Note:  Please use photos as part of the description.
",,,
Vintage Hollywood Regency End Table Side Table w Gold Finials,"Please Contact us for an EXACT Shipping Quote.
The amount posted IS NOT accurate due to your
exact location. We are in Valencia, CA 91355    
PLEASE VISIT OUR STORE for over 1,400 vintage items:
Vintage L A Furniture
************************
Gorgeous Table in Good Vintage Condition. There is no Glass. 
 But easy to replace.  Otherwise, Wear is usual for its age. Please see the photos.
Overall a Gorgeous End Table that you will love having in your home!!
Measurements:   21""H x 29"" x 20"" add 1.5"" to Height for Finials

Please keep in mind that this is a Vintage Piece and has its normal signs of wear.
This is what gives it it's character and confirms its age.
And is being sold in ""as-is condition"".
Note:  Please use photos as part of the description.
",,,
1970s Pair of Vintage French Provincial Brown Coffee Table Made by Drexel,"Please Contact us for an EXACT Shipping Quote.
The amount posted IS NOT accurate due to your
exact location. We are in Valencia, CA 91355    
PLEASE VISIT OUR STORE for over 1,400 vintage items:
Vintage L A Furniture
************************
Gorgeous End Tables in Good Vintage Vintage Condition. Solid and Firm. 
But one end table has a lite scrath into the table top. Otherwise, Wear is usual for their age.
 Please see the photos. 
Overall a Gorgeous Pair of End Tables that you will love having in your home!!
Measurements:   23""H x 26"" x 29.5"" 

Please keep in mind that this is a Vintage Piece and has its normal signs of wear.
This is what gives it it's character and confirms its age.
And is being sold in ""as-is condition"".
Note:  Please use photos as part of the description.
",,,
Vintage Golden Brown Entry Console Table w Beveled Glass Top ~ Cravings,"Please Contact us for an EXACT Shipping Quote.
The amount posted IS NOT accurate due to your
exact location. We are in Valencia, CA 91355    
PLEASE VISIT OUR STORE for over 1,400 vintage items:
Vintage L A Furniture
************************
Gorgeous Table in Great Vintage Condition. Solid and Firm. 
Wear is usual for its age. Please see the photos. 
Overall a a Very Unique Table that you will love having in your home!!
Measurements:  26 1/2"" High x 52"" x 18""
Please note there are matching End Tables, Coffee Table and Console Table.
Each Sold separately.  Please see our Store   

Please keep in mind that this is a Vintage Piece and has its normal signs of wear.
This is what gives it it's character and confirms its age.
And is being sold in ""as-is condition"".
Note:  Please use photos as part of the description.
",,,
Vintage Monterey Style Oak Footstool Bench w Brass Corners,"Please Contact us for an EXACT Shipping Quote.
The amount posted IS NOT accurate due to your
exact location. We are in Valencia, CA 91355    
PLEASE VISIT OUR STORE for over 1,400 vintage items:
Vintage L A Furniture
************************
Gorgeous Footstool in Great Vintage Condition. Solid and Firm. 
Wear is usual for its age. Please see the photos. 
Overall a Gorgeous Footstool that you will love having in your home!!
Measurements:   13"" High 18"" x 23.5""

Please keep in mind that this is a Vintage Piece and has its normal signs of wear.
This is what gives it it's character and confirms its age.
And is being sold in ""as-is condition"".
Note:  Please use photos as part of the description.
",,,
Vintage French Provincial Country King Yellow Queen Headboard w Red Birds in Fabric,"Please Contact us for an EXACT Shipping Quote.
The amount posted IS NOT accurate due to your
exact location. We are in Valencia, CA 91355    
PLEASE VISIT OUR STORE for over 1,400 vintage items:
Vintage L A Furniture
************************
Gorgeous Headboard in Good Vintage Condition. Solid and Firm. 
Wear is usual for its age. Please see the photos. 
Overall a Gorgeous Headboard that you will love having in your home!!
Measurements:  69"" x 79""W x 2"" 

Please keep in mind that this is a Vintage Piece and has its normal signs of wear.
This is what gives it it's character and confirms its age.
And is being sold in ""as-is condition"".
Note:  Please use photos as part of the description.
",,,
"56"" Tall Vintage Solid Metal Iron Jardiniere Decorative Plant Stand w Crackled Glass Vase","Please Contact us for an EXACT Shipping Quote.
The amount posted IS NOT accurate due to your
exact location. We are in Valencia, CA 91355    
PLEASE VISIT OUR STORE for over 1,400 vintage items:
Vintage L A Furniture
************************
Gorgeous Stand in Great Vintage Condition. Solid and Firm. 
Wear is usual for its age. Please see the photos.  
Overall a Gorgeous Stand that you will love having in your home.
Measurements:  56""Tall x 10""Round Base 16""  

Please keep in mind that this is a Vintage Piece and has its normal signs of wear.
This is what gives it it's character and confirms its age.
And is being sold in ""as-is condition"".
Note:  Please use photos as part of the description.
",,,
Tall Antique French Country Dresser Top Swivel Mirror Frame w No Mirror,"Please Contact us for an EXACT Shipping Quote.
The amount posted IS NOT accurate due to your
exact location. We are in Valencia, CA 91355    
PLEASE VISIT OUR STORE for over 1,400 vintage items:
Vintage L A Furniture
************************
Unique Mirror Frame in Good Vintage Condition. 
Please note that there is No Mirror.  
There is Wear that is usual for its age. Please see the photo.
Overall a Gorgeous Mirror that you will love having in your home!!
Measurements:   50""H x 43"" W

Please keep in mind that this is a Vintage Piece and has its normal signs of wear.
This is what gives it it's character and confirms its age.
And is being sold in ""as-is condition"".
Note:  Please use photos as part of the description.
",,,
Vintage French Louis XVI Ornate Rococo Gold Wall Mantle Mirror Made in Italy,"Please Contact us for an EXACT Shipping Quote.
The amount posted IS NOT accurate due to your
exact location. We are in Valencia, CA 91355    
PLEASE VISIT OUR STORE for over 1,400 vintage items:
Vintage L A Furniture
************************
Gorgeous Wall Mantle Mirror in Good Vintage Condition. 
This Mirror is old and has wear that is usual for its age. 
Please Study the photos and ask all questions. 
Overall a Gorgeous Mirror that you will love having in your home!!
Measurements:   55""H x 34"" x 5""

Please keep in mind that this is a Vintage Piece and has its normal signs of wear.
This is what gives it it's character and confirms its age.
And is being sold in ""as-is condition"".
Note:  Please use photos as part of the description.
",,,
Vintage Oil on Canvas Desert Landscape Painting Picture Signed Kenneth Walford,"Please Contact us for an EXACT Shipping Quote.
The amount posted IS NOT accurate due to your
exact location. We are in Valencia, CA 91355    
PLEASE VISIT OUR STORE for over 1,400 vintage items:
Vintage L A Furniture
************************
Gorgeous Painting in Great Vintage Condition. Solid and Firm. 
Wear is usual for its age. Please see the photos. 
Overall a Gorgeous Painting that you will love having in your home!!
Measurements:  24""H  28.5""W 

Please keep in mind that this is a Vintage Piece and has its normal signs of wear.
This is what gives it it's character and confirms its age.
And is being sold in ""as-is condition"".
Note:  Please use photos as part of the description.
",,,
Vintage Southwestern Metal Table Lamp Bronze Metalic,"Please Contact us for an EXACT Shipping Quote.
The amount posted IS NOT accurate due to your
exact location. We are in Valencia, CA 91355    
PLEASE VISIT OUR STORE for over 1,400 vintage items:
Vintage L A Furniture
************************
 Gorgeous Lamp in Great Vintage Condition. Solid and Firm.
 Wear is usual for its age. Please see the photos.  
Overall a Gorgeous Table Lamp that you will love having in your home!!
Measurements:   28""High x  LS 8""H x 15"" x 9""

Please keep in mind that this is a Vintage Piece and has its normal signs of wear.
This is what gives it it's character and confirms its age.
And is being sold in ""as-is condition"".
Note:  Please use photos as part of the description.
",,,
Antique French Provincial Louis XVI Rococo Gold Mauve Accent Bergere Chair As-Is,"Please Contact us for an EXACT Shipping Quote:  
The amount posted may  Valencia, CA 
Please visit our Store for over 1,400 vintage items: Vintage L A Furniture

Antique French Provincial Louis XVI Rococo Gold Mauve Accent Bergere Chair As-Is 
 Gorgeous Chair in Good Vintage Condition. But the armrest were repaired 
at a joint and they may require more attention. Please study photos.
Also, Recently re-upholstered. Otherwise,  Wear is usual for its age. Please see photos. 
Overall a Gorgeous Chair that you will love having in your home!!
Measurements:   40""H x 27"" x 28"" seat height 17""

Please keep in mind that this is a Vintage Piece and has its normal signs of wear.
This is what gives it it's character and confirms its age.
And is being sold in ""as-is condition"".
Note:  Please use photos as part of the description.
   323-346-927",,,
Vintage Mid Century Modern Drexel King Headboard w Five Carved Panels,"Please Contact us for an EXACT Shipping Quote.
The amount posted may not be accurate due to your
exact location. We are in Valencia, CA 91355    
PLEASE VISIT OUR STORE for over 1,400 vintage items:
Vintage L A Furniture
************************
Gorgeous Headboard in Great Vintage Condition. Solid and Firm. 
Wear is usual for its age. Please see photos.
Overall a Gorgeous Headboard that you will love having in your home!!
Measurements:   43 1/2""H x 82"" x 2""

Please keep in mind that this is a Vintage Piece and has its normal signs of wear.
This is what gives it it's character and confirms its age.
And is being sold in ""as-is condition"".
Note:  Please use photos as part of the description.
",,,
Vintage French Country Gold Ornate Picture Frame,"Please Contact us for an EXACT Shipping Quote
The amount posted may 
. . .  . . . . Valencia, CA
Visit our Etsy Store, over 1200 items:
Vintage L A Furniture
*************
Gorgeous Picture Frame in Great Vintage Condition. 
Solid and Firm. Wear is usual for its age. Please see photos.
Overall a Gorgeous Picture Frame that you will love having in your home!!
Measurements:   59""H x 48"" x 2 3/4""  
Inside measurements:  48"" x 36

Please keep in mind that this is a Vintage Piece and has its normal signs of wear.
This is what gives it it's character and confirms its age.
And is being sold in ""as-is condition"".
Note:  Please use photos as part of the description.
",,,
Antique Wall Mount Storage Cabinet w Two Shelves & Mirrored Back,"Unique Cabinet in Good Vintage Condition. With wear that is usual for its age. 
Please see photos.",,,
Vintage French Country Rush Ladderback Green Red Chair Dragon Motif Floral Paint,"Please Contact us for an EXACT Shipping Quote.
The amount posted may not be accurate due to your
exact location. We are in Valencia, CA 91355    
PLEASE VISIT OUR STORE for over 1,400 vintage items:
Vintage L A Furniture
************************
Gorgeous Chair in Great Vintage Condition. Solid and Firm. 
Wear is usual for its age. Please see photos. 
Overall a Gorgeous Chair that you will love having in your home!!
Measurements:   43""H x 19"" x 16"" SH 17 1/2""

Please keep in mind that this is a Vintage Piece and has its normal signs of wear.
This is what gives it it's character and confirms its age.
And is being sold in ""as-is condition"".
Note:  Please use photos as part of the description.
",,,
Antique Italian Baroque Style Carved Giltwood Mirror 19th Century French Country,"Please Contact us for an EXACT Shipping Quote.
The amount posted may not be accurate due to your
exact location. We are in Valencia, CA 91355    
PLEASE VISIT OUR STORE for over 1,400 vintage items:
Vintage L A Furniture
************************
Gorgeous Mirror in Good Condition. Please See and study pictures closely.  
There is wear that is usual for its age.
Overall a Gorgeous Chair that you will love having in your home!!
Measurements:   54 1/2""H x 32"" x 2""

Please keep in mind that this is a Vintage Piece and has its normal signs of wear.
This is what gives it it's character and confirms its age.
And is being sold in ""as-is condition"".
Note:  Please use photos as part of the description.
",,,
,,,,
,,,,
,,,,
,,,,
,,,,
,,,,
,,,,
,,,,
,,,,
,,,,
,,,,
,,,,
,,,,
,,,,
,,,,
,,,,
,,,,
,,,,
,,,,
,,,,
,,,,
,,,,
,,,,
,,,,
,,,,
,,,,
,,,,
,,,,
,,,,
,,,,
,,,,
,,,,
,,,,
,,,,
,,,,
,,,,
,,,,
,,,,
,,,,
,,,,
,,,,
,,,,
,,,,
,,,,
,,,,
,,,,
,,,,
,,,,
,,,,
,,,,
,,,,
,,,,
,,,,
,,,,
,,,,
,,,,
,,,,
,,,,
,,,,
,,,,
,,,,
,,,,
,,,,
,,,,
,,,,
,,,,
,,,,
,,,,
,,,,
,,,,
,,,,
,,,,
,,,,
,,,,
,,,,
,,,,
,,,,
,,,,
,,,,
,,,,
,,,,
,,,,
,,,,
,,,,
,,,,
,,,,
,,,,
,,,,
,,,,
,,,,
,,,,
,,,,
,,,,
,,,,
,,,,
,,,,
,,,,
,,,,
,,,,
,,,,
,,,,
,,,,
,,,,
,,,,
,,,,
,,,,
,,,,
,,,,
,,,,
,,,,
,,,,
,,,,
,,,,
,,,,
,,,,
,,,,
,,,,
,,,,
,,,,
,,,,
,,,,
,,,,
,,,,
,,,,
,,,,
,,,,
,,,,
,,,,
,,,,
,,,,
,,,,
,,,,
,,,,
,,,,
,,,,
,,,,
,,,,
,,,,
,,,,
,,,,
,,,,
,,,,
,,,,
,,,,
,,,,
,,,,
,,,,
,,,,
,,,,
,,,,
,,,,
,,,,
,,,,
,,,,
,,,,
,,,,
,,,,
,,,,
,,,,
,,,,
,,,,
,,,,
,,,,
,,,,
,,,,
,,,,
,,,,
,,,,
,,,,
,,,,
,,,,
,,,,
,,,,
,,,,
,,,,
,,,,
,,,,
,,,,
,,,,
,,,,
,,,,
,,,,
,,,,
,,,,
,,,,
,,,,
,,,,
,,,,
,,,,
,,,,
,,,,
,,,,
,,,,
,,,,
,,,,
,,,,
,,,,
,,,,
,,,,
,,,,
,,,,
,,,,
,,,,
,,,,
,,,,
,,,,
,,,,
,,,,
,,,,
,,,,
,,,,
,,,,
,,,,
,,,,
,,,,
,,,,
,,,,
,,,,
,,,,
,,,,
,,,,
,,,,
,,,,
,,,,
,,,,
,,,,
,,,,
,,,,
,,,,
,,,,
,,,,
,,,,
,,,,
,,,,
,,,,
,,,,
,,,,
,,,,
,,,,
,,,,
,,,,
,,,,
,,,,
,,,,
,,,,
,,,,
,,,,
,,,,
,,,,
,,,,
,,,,
,,,,
,,,,
,,,,
,,,,
,,,,
,,,,
,,,,
,,,,
,,,,
,,,,
,,,,
,,,,
,,,,
,,,,
,,,,
,,,,
,,,,
,,,,
,,,,
,,,,
,,,,
,,,,
,,,,
,,,,
,,,,
,,,,
,,,,
,,,,
,,,,
,,,,
,,,,
,,,,
,,,,
,,,,
,,,,
,,,,
,,,,
,,,,
,,,,
,,,,
,,,,
,,,,
,,,,
,,,,
,,,,
,,,,
,,,,
,,,,
,,,,
,,,,
,,,,
,,,,
,,,,
,,,,
,,,,
,,,,
,,,,
,,,,
,,,,
,,,,
,,,,
,,,,
,,,,
,,,,
,,,,
,,,,
,,,,
,,,,
,,,,
,,,,
,,,,
,,,,
,,,,
,,,,
,,,,
,,,,
,,,,
,,,,
,,,,
,,,,
,,,,
,,,,
,,,,
,,,,
,,,,
,,,,
,,,,
,,,,
,,,,
,,,,
,,,,
,,,,
,,,,
,,,,
,,,,
,,,,
,,,,
,,,,
,,,,
,,,,
,,,,
,,,,
,,,,
,,,,
,,,,
,,,,
,,,,
,,,,
,,,,
,,,,
,,,,
,,,,
,,,,
,,,,
,,,,
,,,,
,,,,
,,,,
,,,,
,,,,
,,,,
,,,,
,,,,
,,,,
,,,,
,,,,
,,,,
,,,,
,,,,
,,,,
,,,,
,,,,
,,,,
,,,,
,,,,
,,,,
,,,,
,,,,
,,,,
,,,,
,,,,
,,,,
,,,,
,,,,
,,,,
,,,,
,,,,
,,,,
,,,,
,,,,
,,,,
,,,,
,,,,
,,,,
,,,,
,,,,
,,,,
,,,,
,,,,
,,,,
,,,,
,,,,
,,,,
,,,,
,,,,
,,,,
,,,,
,,,,
,,,,
,,,,
,,,,
,,,,
,,,,
,,,,
,,,,
,,,,
,,,,
,,,,
,,,,
,,,,
,,,,
,,,,
,,,,
,,,,
,,,,
,,,,
,,,,
,,,,
,,,,
,,,,
,,,,
,,,,
,,,,
,,,,
,,,,
,,,,
,,,,
,,,,
,,,,
,,,,
,,,,
,,,,
,,,,
,,,,
,,,,
,,,,
,,,,
,,,,
,,,,
,,,,
,,,,
,,,,
,,,,
,,,,
,,,,
,,,,
,,,,
,,,,
,,,,
,,,,
,,,,
,,,,
,,,,
,,,,
,,,,
,,,,
,,,,
,,,,
,,,,
,,,,
,,,,
,,,,
,,,,
,,,,
,,,,
,,,,
,,,,
,,,,
,,,,
,,,,
,,,,
,,,,
,,,,
,,,,
,,,,
,,,,
,,,,
,,,,
,,,,
,,,,
,,,,
,,,,
,,,,
,,,,
,,,,
,,,,
,,,,
,,,,
,,,,
,,,,
,,,,
,,,,
,,,,
,,,,
,,,,
,,,,
,,,,
,,,,
,,,,
,,,,
,,,,
,,,,
,,,,
,,,,
,,,,
,,,,
,,,,
,,,,
,,,,
,,,,
,,,,
,,,,
,,,,
,,,,
,,,,
,,,,
,,,,
,,,,
,,,,
,,,,
,,,,
,,,,
,,,,
,,,,
,,,,
,,,,
,,,,
,,,,
,,,,
,,,,
,,,,
,,,,
,,,,
,,,,
,,,,
,,,,
,,,,
,,,,
,,,,
,,,,
,,,,
,,,,
,,,,
,,,,
,,,,
,,,,
,,,,
,,,,
,,,,
,,,,
,,,,
,,,,
,,,,
,,,,
,,,,
,,,,
,,,,
,,,,
,,,,
,,,,
,,,,
,,,,
,,,,
,,,,
,,,,
,,,,
,,,,
,,,,
,,,,
,,,,
,,,,
,,,,
,,,,
,,,,
,,,,
,,,,
,,,,
,,,,
,,,,
,,,,
,,,,
,,,,
,,,,
,,,,
,,,,
,,,,
,,,,
,,,,
,,,,
,,,,
,,,,
,,,,
,,,,
,,,,
,,,,
,,,,
,,,,
,,,,
,,,,
,,,,
,,,,
,,,,
,,,,
,,,,
,,,,
,,,,
,,,,
,,,,
,,,,
,,,,
,,,,
,,,,
,,,,
,,,,
,,,,
,,,,
,,,,
,,,,
,,,,
,,,,
,,,,
,,,,
,,,,
,,,,
,,,,
,,,,
,,,,
,,,,
,,,,
,,,,
,,,,
,,,,
,,,,
,,,,
,,,,
,,,,
,,,,
,,,,
,,,,
,,,,
,,,,
,,,,
,,,,
,,,,
,,,,
,,,,
,,,,
,,,,
,,,,
,,,,
,,,,
,,,,
,,,,
,,,,
,,,,
,,,,
,,,,
,,,,
,,,,
,,,,
,,,,
,,,,
,,,,
,,,,
,,,,
,,,,
,,,,
,,,,
,,,,
,,,,
,,,,
,,,,
,,,,
,,,,
,,,,
,,,,
,,,,
,,,,
,,,,
,,,,
,,,,
,,,,
,,,,
,,,,
,,,,
,,,,
,,,,
,,,,
,,,,
,,,,
,,,,
,,,,
,,,,
,,,,
,,,,
,,,,
,,,,
,,,,
,,,,
,,,,
,,,,
,,,,
,,,,
,,,,
,,,,
,,,,
,,,,
,,,,
,,,,
,,,,
,,,,
,,,,
,,,,
,,,,
,,,,
,,,,
,,,,
,,,,
,,,,
,,,,
,,,,
,,,,
,,,,
,,,,
,,,,
,,,,
,,,,
,,,,
,,,,
,,,,
,,,,
,,,,
,,,,
,,,,
,,,,
,,,,
,,,,
,,,,
,,,,
,,,,
,,,,
,,,,
,,,,
,,,,
,,,,
,,,,
,,,,
,,,,
,,,,
,,,,
,,,,
,,,,
,,,,
,,,,
,,,,
,,,,
,,,,
,,,,
,,,,
,,,,
,,,,
,,,,
,,,,
,,,,
,,,,
,,,,
,,,,
,,,,
,,,,
,,,,
,,,,
,,,,
,,,,
,,,,
,,,,
,,,,
,,,,
,,,,
,,,,
,,,,
,,,,
,,,,
,,,,
,,,,
,,,,
,,,,
,,,,
,,,,
,,,,
,,,,
,,,,
,,,,
,,,,
,,,,
,,,,
,,,,
,,,,
,,,,
,,,,
,,,,
,,,,
,,,,
,,,,
,,,,
,,,,
,,,,
,,,,
,,,,
,,,,
,,,,
,,,,
,,,,
,,,,
,,,,
,,,,
,,,,
,,,,
,,,,
,,,,
,,,,
,,,,
,,,,
,,,,
,,,,
,,,,
,,,,
,,,,
,,,,
,,,,
,,,,
,,,,
,,,,
,,,,
,,,,
,,,,
,,,,
,,,,
,,,,
,,,,
,,,,
,,,,
,,,,
,,,,
,,,,
,,,,
,,,,
,,,,
,,,,
,,,,
,,,,
,,,,
,,,,
,,,,
,,,,
,,,,
,,,,
,,,,
,,,,
,,,,
,,,,
,,,,
,,,,
,,,,
,,,,
,,,,
,,,,
,,,,
,,,,
,,,,
,,,,
,,,,
,,,,
,,,,
,,,,
,,,,
,,,,
,,,,
,,,,
,,,,
,,,,
,,,,
,,,,
,,,,
,,,,
,,,,
,,,,
,,,,
,,,,
,,,,
,,,,
,,,,
,,,,
,,,,
,,,,
,,,,
,,,,
,,,,
,,,,
,,,,
,,,,
,,,,
,,,,
,,,,
,,,,
,,,,
,,,,
,,,,
,,,,
,,,,
,,,,
,,,,
,,,,
,,,,
,,,,
,,,,
,,,,
,,,,
,,,,
,,,,
,,,,
,,,,
,,,,
,,,,
,,,,
,,,,
,,,,
,,,,
,,,,
,,,,
,,,,
,,,,
,,,,
,,,,
,,,,
,,,,
,,,,
,,,,
,,,,
,,,,
,,,,
,,,,
,,,,
,,,,
,,,,
,,,,
,,,,
,,,,
,,,,
,,,,
,,,,
,,,,
,,,,
,,,,
,,,,
,,,,
,,,,
,,,,
,,,,
,,,,
,,,,
,,,,
,,,,
,,,,
,,,,
,,,,
,,,,
,,,,
,,,,
,,,,
,,,,
,,,,
,,,,
,,,,
,,,,
,,,,
,,,,
,,,,
,,,,
,,,,
,,,,
,,,,
,,,,
,,,,
,,,,
,,,,
,,,,
,,,,
,,,,
,,,,
,,,,
,,,,
,,,,
,,,,
,,,,
,,,,
,,,,
,,,,
,,,,
,,,,
,,,,
,,,,
,,,,
,,,,
,,,,
,,,,
,,,,
,,,,
,,,,
,,,,
,,,,
,,,,
,,,,
,,,,
,,,,
,,,,
,,,,
,,,,
,,,,
,,,,
,,,,
,,,,
,,,,
,,,,
,,,,
,,,,
,,,,
,,,,
,,,,
,,,,
,,,,
,,,,
,,,,
,,,,
,,,,
,,,,
,,,,
,,,,
,,,,
,,,,
,,,,
,,,,
,,,,
,,,,
,,,,
,,,,
,,,,
,,,,
,,,,
,,,,
,,,,
,,,,
,,,,
,,,,
,,,,
,,,,
,,,,
,,,,
,,,,
,,,,
,,,,
,,,,
,,,,
,,,,
,,,,
,,,,
,,,,
,,,,
,,,,
,,,,
,,,,
,,,,
,,,,
,,,,
,,,,
,,,,
,,,,
,,,,
,,,,
,,,,
,,,,
,,,,
,,,,
,,,,
,,,,
,,,,
,,,,
,,,,
,,,,
,,,,
,,,,
,,,,
,,,,
,,,,
,,,,
,,,,
,,,,
,,,,
,,,,
,,,,
,,,,
,,,,
,,,,
,,,,
,,,,
,,,,
,,,,
,,,,
,,,,
,,,,
,,,,
,,,,
,,,,
,,,,
,,,,
,,,,
,,,,
,,,,
,,,,
,,,,
,,,,
,,,,
,,,,
,,,,
,,,,
,,,,
,,,,
,,,,
,,,,
,,,,
,,,,
,,,,
,,,,
,,,,
,,,,
,,,,
,,,,
,,,,
,,,,
,,,,
,,,,
,,,,
,,,,
,,,,
,,,,
,,,,
,,,,
,,,,
,,,,
,,,,
,,,,
,,,,
,,,,
,,,,
,,,,
,,,,
,,,,
,,,,
,,,,
,,,,
,,,,
,,,,
,,,,
,,,,
,,,,
,,,,
,,,,
,,,,
,,,,
,,,,
,,,,
,,,,
,,,,
,,,,
,,,,
,,,,
,,,,
,,,,
,,,,
,,,,
,,,,
,,,,
,,,,
,,,,
,,,,
,,,,
,,,,
,,,,
,,,,
,,,,
,,,,
,,,,
,,,,
,,,,
,,,,
,,,,
,,,,
,,,,
,,,,
,,,,
,,,,
,,,,
,,,,
,,,,
,,,,
,,,,
,,,,
,,,,
,,,,
,,,,
,,,,
,,,,
,,,,
,,,,
,,,,
,,,,
,,,,
,,,,
,,,,
,,,,
,,,,
,,,,
,,,,
,,,,
,,,,
,,,,
,,,,
,,,,
,,,,
,,,,
,,,,
,,,,
,,,,
,,,,
,,,,
,,,,
,,,,
,,,,
,,,,
,,,,
,,,,
,,,,
,,,,
,,,,
,,,,
,,,,
,,,,
,,,,
,,,,
,,,,
,,,,
,,,,
,,,,
,,,,
,,,,
,,,,
,,,,
,,,,
,,,,
,,,,
,,,,
,,,,
,,,,
,,,,
,,,,
,,,,
,,,,
,,,,
,,,,
,,,,
,,,,
,,,,
,,,,
,,,,
,,,,
,,,,
,,,,
,,,,
,,,,
,,,,
,,,,
,,,,
,,,,
,,,,
,,,,
,,,,
,,,,
,,,,
,,,,
,,,,
,,,,
,,,,
,,,,
,,,,
,,,,
,,,,
,,,,
,,,,
,,,,
,,,,
,,,,
,,,,
,,,,
,,,,
,,,,
,,,,
,,,,